Cycle,Capacity(Ah),Voltage Measured(V),Current Measured,Temperature Measured,Time Measured(Sec),SampleId
0,1.856487421,3.277169977,-0.006528351,34.23085284,3690.234,B0005
0,2.035337591,2.475767757,-2.009435892,39.16298653,3690.234,B0006
0,1.891052295,3.062112709,-0.001433299,37.33847849,3690.234,B0007
0,1.855004521,3.053230339,-0.002433415,37.2056713,3434.891,B0018
1,1.84632725,3.300244887,-0.000447553,34.39213659,3672.344,B0005
1,2.025140246,2.351525512,-2.010374856,39.24620268,3672.344,B0006
1,1.880637028,3.079226238,-0.003230385,37.1617386,3672.344,B0007
1,1.843195532,3.08820017,-0.000910648,37.15547522,3425.485,B0018
2,1.835349194,3.32745101,0.001026019,34.23277872,3651.641,B0005
2,2.013326371,2.440479715,-2.008558887,38.99920246,3651.641,B0006
2,1.880662672,3.063265547,-0.003157783,37.50810004,3651.641,B0007
2,1.839601842,3.076857654,-0.000684881,36.68085193,3410.375,B0018
3,1.835262528,3.314181859,-0.002233622,34.41344995,3631.563,B0005
3,2.013284666,2.479155854,-2.009290448,38.84362777,3631.563,B0006
3,1.880770901,3.039420908,-0.003421518,37.85540509,3631.563,B0007
3,1.830673604,3.10242391,-0.0025472,36.04487047,3404.719,B0018
4,1.834645508,3.305496731,9.24E-06,34.34588499,3629.172,B0005
4,2.000528338,2.280187848,-2.01176084,38.97798888,3629.172,B0006
4,1.879450873,3.043167178,-0.00235509,37.83587047,3629.172,B0007
4,1.832700207,3.117644174,-0.003002155,37.08459677,3417.641,B0018
5,1.83566166,3.302329113,-0.00396723,34.20092692,3652.281,B0005
5,2.013899076,2.439284257,-2.010947045,38.83989921,3652.281,B0006
5,1.880700352,3.123387982,-0.002524129,36.68060295,3652.281,B0007
5,1.828528885,3.114007319,-0.001247787,37.05331129,3411.766,B0018
6,1.835146143,3.29374067,-0.003424827,34.29828476,3650.828,B0005
6,2.013101106,2.281206845,-2.012014627,39.04610837,3650.828,B0006
6,1.879935252,3.118582129,-0.002681968,36.84575704,3650.828,B0007
6,1.82120119,3.169283092,-0.000793812,36.3514535,3399.516,B0018
7,1.825756791,3.316230741,0.001710239,34.76224184,3572.453,B0005
7,1.968789826,2.366410527,-2.009602654,38.87507521,3572.453,B0006
7,1.881508812,3.04842921,-0.003604924,38.24441491,3572.453,B0007
7,1.815170011,3.164680268,-0.00071762,36.12752493,3388.75,B0018
8,1.824773853,3.297410935,-0.001004052,35.05182953,3550.594,B0005
8,1.968166176,2.43602005,-2.010503182,38.72605398,3550.594,B0006
8,1.869690787,3.016246202,0.000274813,38.66297037,3550.594,B0007
8,1.804298052,3.166890959,0.000448821,36.03872902,3380.406,B0018
9,1.824613268,3.288404483,0.001261401,35.02973666,3551.25,B0005
9,1.957230792,2.186437749,-2.012000629,38.98629729,3551.25,B0006
9,1.87005238,3.005452832,-0.006725827,38.74331536,3551.25,B0007
9,1.82310023,3.144175531,-0.000968223,36.34921922,3404.141,B0018
10,1.824619553,3.266275575,0.000285052,35.32247969,3530.25,B0005
10,1.945599151,2.340602361,-2.008605764,38.65978862,3530.25,B0006
10,1.870044239,2.96653348,-0.002366402,39.17593372,3530.25,B0007
10,1.812125352,3.163511863,-0.00010607,36.41785812,3396.141,B0018
11,1.814201936,3.296199859,-0.000775731,35.59296016,3491.016,B0005
11,1.934750504,2.426302137,-2.008093199,38.84979196,3491.016,B0006
11,1.859651899,2.95834762,-0.006579885,39.59267385,3491.016,B0007
11,1.804691638,3.197452536,-0.001104817,35.98523209,3384.094,B0018
12,1.813752158,3.271757416,-0.000472438,35.96127245,3470.281,B0005
12,1.923279954,2.47536977,-2.008861764,38.75128344,3470.281,B0006
12,1.859074656,2.896976192,-0.004714079,39.74652756,3470.281,B0007
12,1.79084435,3.234382458,0.00320499,35.35847798,3370.656,B0018
13,1.813440491,3.264855084,-0.002505993,35.8696097,3470,B0005
13,1.911889931,2.342364524,-2.01142588,38.76853764,3470,B0006
13,1.859008458,2.876004651,-0.000450805,39.88045079,3470,B0007
13,1.783470723,3.241810891,-0.000536101,35.09411802,3357.797,B0018
14,1.802598004,3.309111202,-3.78E-05,35.53204381,3450.297,B0005
14,1.901066714,2.188400082,-2.009440178,38.84686112,3450.297,B0006
14,1.859362259,2.949033322,-0.006585241,39.17973626,3450.297,B0007
14,1.780938613,3.227333798,-0.004295588,35.57799246,3363.015,B0018
15,1.8021069,3.288149053,-0.001359333,35.81031289,3429.407,B0005
15,1.889198995,2.120698095,-2.006293377,38.86588978,3429.407,B0006
15,1.858735545,2.817578543,-0.004489723,39.56365952,3429.407,B0007
15,1.77120904,3.238447609,-0.001087277,35.99210617,3357.734,B0018
16,1.802579501,3.260754101,-0.000793555,36.24247715,3409.484,B0005
16,1.878278372,2.369981458,-2.008399903,38.64757873,3409.484,B0006
16,1.847817291,1.857554767,-1.988671436,39.62894832,3409.484,B0007
16,1.7686304,3.252365296,0.003057635,35.93164465,3344.187,B0018
17,1.803068314,3.229466822,-0.004407894,36.70221725,3390.422,B0005
17,1.867569716,2.24799165,-2.010307487,38.79218188,3390.422,B0006
17,1.848525292,2.165755612,-1.988513259,39.22534721,3390.422,B0007
17,1.75363048,3.298355582,-0.000542197,35.13854125,3339.969,B0018
18,1.802777625,3.224378895,-0.001862126,36.77890978,3390.281,B0005
18,1.867589257,2.88444637,-0.002277241,38.77022224,3390.281,B0006
18,1.848378952,2.027068634,-1.985790712,39.41263216,3390.281,B0007
18,1.746219742,3.299099453,0.001727477,34.75361973,3327.641,B0018
19,1.847025995,3.258740332,-3.54E-05,34.93481911,3591.734,B0005
19,1.979626548,2.203355847,-2.009911452,37.543206,3591.734,B0006
19,1.880780544,2.990508602,-0.003199994,38.26643351,3591.734,B0007
19,1.737664734,3.282912204,0.000396205,34.66683735,3312.844,B0018
20,1.847417311,3.218046215,0.000151942,36.06881903,3552.297,B0005
20,1.957549908,2.358877512,-2.010023847,37.90362578,3552.297,B0006
20,1.88147216,2.924443669,-0.002762863,39.34502064,3552.297,B0007
20,1.731516674,3.314359923,-0.00076384,34.31957483,3302.031,B0018
21,1.836177421,3.257309627,-0.002765735,35.57131957,3531.578,B0005
21,1.945815017,2.218672914,-2.0106213,37.67016051,3531.578,B0006
21,1.881095431,2.985701673,-0.002733686,38.40282689,3531.578,B0007
21,1.708594989,3.337095987,0.001460622,34.05159011,3305.547,B0018
22,1.825780748,3.280256747,-0.000195349,35.49553079,3492.907,B0005
22,1.924246112,2.339723058,-2.009836812,37.34166959,3492.907,B0006
22,1.871008965,2.862448292,-0.002279917,39.19501045,3492.907,B0007
22,1.711469957,3.345396458,0.00033552,34.1400493,3289.562,B0018
23,1.825113644,3.279765451,-0.001914706,35.20943494,3511.594,B0005
23,1.945981133,2.399750821,-2.008549111,37.28979017,3511.594,B0006
23,1.870199515,2.913932303,-0.000793744,39.01311177,3511.594,B0007
23,1.707502137,3.356538776,0.001851751,34.03941375,3283.797,B0018
24,1.825581504,3.205068916,-0.000256915,36.50765859,3431.937,B0005
24,1.901407931,2.491410879,-2.011253162,37.16794481,3431.937,B0006
24,1.870671536,2.050649264,-1.989613682,38.86906912,3431.937,B0007
24,1.749238206,3.291271946,0.000648271,34.67226842,3325.235,B0018
25,1.814031128,3.276866922,0.000664357,35.87513759,3431.125,B0005
25,1.878674214,2.766926989,-0.001348364,37.51577849,3431.125,B0006
25,1.859612464,1.825436974,-1.98974122,39.11839966,3431.125,B0007
25,1.732769715,3.299724834,0.000922714,35.34646737,3317.547,B0018
26,1.814769194,3.231130028,-0.002598176,36.32486455,3412.406,B0005
26,1.868306133,2.835612847,-0.000999652,37.24165964,3412.406,B0006
26,1.86003391,2.134879001,-1.989867366,38.68010761,3412.406,B0007
26,1.722231333,3.343787628,-0.001165964,35.22218595,3311.766,B0018
27,1.813969389,3.222025773,-0.000146263,36.4068772,3410.688,B0005
27,1.856024407,2.928394635,-0.003474006,37.10097467,3410.688,B0006
27,1.859165311,1.970455493,-1.987792527,38.86304568,3410.688,B0007
27,1.711846299,3.35820819,0.001578776,35.04987373,3305.218,B0018
28,1.802765665,3.290082794,-0.004012055,35.8741726,3410.718,B0005
28,1.845199796,3.077114958,-0.006584952,36.53635084,3410.718,B0006
28,1.848139818,1.813269431,-1.987021065,39.1453117,3410.718,B0007
28,1.699267835,3.355478059,0.001821746,34.99761831,3295.453,B0018
29,1.80407704,3.251176185,-0.00145143,36.40595071,3392.719,B0005
29,1.857228891,2.819560587,0.00178434,37.4960777,3392.719,B0006
29,1.849201702,2.048365732,-1.98805526,38.83805642,3392.719,B0007
29,1.694036644,3.380671603,-0.002532937,34.54102016,3287,B0018
30,1.851802552,3.249283482,-0.001499701,36.28230125,3470.672,B0005
30,1.924776089,2.434300686,-2.010184355,37.25007396,3470.672,B0006
30,1.883467744,2.88288877,-0.002596243,38.78113988,3470.672,B0007
30,1.681902708,3.39557049,0.0009201,34.50920677,3276.922,B0018
31,1.830703846,3.260087599,-0.001228815,36.73981915,3414.109,B0005
31,1.882231753,2.918775739,0.000219946,37.27669936,3414.109,B0006
31,1.862821112,2.117779935,-1.987749839,39.05387577,3414.109,B0007
31,1.676977062,3.391299823,-0.001831758,34.91065229,3268.687,B0018
32,1.819904109,3.281146601,0.001947239,36.49603036,3395.219,B0005
32,1.855276688,2.973956909,-0.003806457,37.05346892,3395.219,B0006
32,1.85208504,2.163744879,-1.98796554,38.6995517,3395.219,B0007
32,1.665522931,3.404046821,0.001599273,34.89441645,3260.594,B0018
33,1.809307964,3.30937152,-0.001003526,36.04392364,3386,B0005
33,1.839250892,3.033433372,0.001159494,36.4901977,3386,B0006
33,1.846950465,2.045656147,-1.987623052,38.60524149,3386,B0007
33,1.657192458,3.418829402,0.002319651,34.53288079,3258.812,B0018
34,1.804609905,3.295594468,-0.00183497,36.22444539,3368.187,B0005
34,1.818539607,3.061692514,-0.002470616,36.1735162,3368.187,B0006
34,1.836828431,2.135620227,-1.990880773,38.42604748,3368.187,B0007
34,1.648224156,3.414850129,-0.000457712,34.51313963,3243.422,B0018
35,1.799377065,3.317198245,-0.000170868,36.48129579,3368.266,B0005
35,1.813477006,3.086421448,-0.002485657,36.69172174,3368.266,B0006
35,1.837161962,2.042987154,-1.987965741,39.04689689,3368.266,B0007
35,1.63877015,3.416022,0.00132745,34.43103153,3236.515,B0018
36,1.788443234,3.347818507,-0.000831225,35.98576133,3358.719,B0005
36,1.797101845,3.137787322,-0.002908292,36.30505452,3358.719,B0006
36,1.831672258,1.978616239,-1.985827106,38.83676496,3358.719,B0007
36,1.627648691,3.455015989,0.001548641,33.89640362,3230.734,B0018
37,1.782923048,3.337821924,-0.00284374,36.10148289,3339.5,B0005
37,1.781004629,3.150115639,-0.001828625,36.06439554,3339.5,B0006
37,1.821147095,2.158453576,-1.988696121,38.49981471,3339.5,B0007
37,1.622153702,3.436281191,0.003092328,34.56920757,3222.093,B0018
38,1.773033716,3.364372479,-0.004309732,35.8592178,3331.265,B0005
38,1.771013042,3.173892042,-0.008825734,36.017314,3331.265,B0006
38,1.816506092,2.092603699,-1.987126806,38.58234015,3331.265,B0007
38,1.614006651,3.44499732,0.00109371,34.50595871,3220.344,B0018
39,1.773037755,3.336014494,0.002106451,36.40939106,3321.188,B0005
39,1.760471245,3.19720715,-0.003438127,35.90775443,3321.188,B0006
39,1.81138156,2.152888643,-1.988000423,38.78749983,3321.188,B0007
39,1.676051615,3.336282449,-0.001096783,34.92518024,3250.75,B0018
40,1.767872111,3.355659628,0.001443794,36.77364626,3321.844,B0005
40,1.750291379,3.227568459,-0.004927191,36.35807936,3321.844,B0006
40,1.811605633,2.053741883,-1.989763558,39.31221126,3321.844,B0007
40,1.649300643,3.406910129,0.003628593,34.21002176,3239.344,B0018
41,1.76231507,3.361490198,0.000905102,36.84756032,3311.828,B0005
41,1.739492504,3.230858082,-0.001453012,36.50421626,3311.828,B0006
41,1.806054896,2.079330059,-1.986886765,39.40567993,3311.828,B0007
41,1.632382992,3.408535629,-0.0009739,34.19993306,3222.25,B0018
42,1.767617292,3.346968122,-0.001459488,36.71091395,3327.391,B0005
42,1.754676655,3.199633267,-0.002292562,36.99126483,3327.391,B0006
42,1.813204183,2.07597933,-1.987433786,39.32802758,3327.391,B0007
42,1.616415972,3.424618629,-0.000917253,33.93860566,3206.157,B0018
43,1.76266836,3.371210049,-0.000750036,36.38019708,3312.078,B0005
43,1.765939094,3.189810324,-0.002874522,36.81410786,3312.078,B0006
43,1.806264194,2.067434948,-1.987118282,38.61125282,3312.078,B0007
43,1.610902838,3.451040334,0.000593435,33.47620704,3197.969,B0018
44,1.751730487,3.379951819,-0.001351175,36.1805145,3293.172,B0005
44,1.733788742,3.249962213,-0.004430989,35.9486655,3293.172,B0006
44,1.795831025,2.037264031,-1.985217168,38.56972695,3293.172,B0007
44,1.595463869,3.447127789,-0.003046378,33.53169798,3181.625,B0018
45,1.741849605,3.391867016,-0.00071823,36.07117792,3275.328,B0005
45,1.713325912,3.276178622,-0.002886507,35.80761415,3275.328,B0006
45,1.78588526,2.163267419,-1.990826155,38.34572084,3275.328,B0007
45,1.72670744,3.153251692,-0.000685326,34.64187919,3302.36,B0018
46,1.736091351,3.389321801,-0.00163827,36.06727402,3265.016,B0005
46,1.702407781,3.289233794,-0.001482136,35.72741105,3265.016,B0006
46,1.78032686,2.106631527,-1.990104969,38.48254063,3265.016,B0007
46,1.716567392,3.220999602,-0.001743322,34.51797227,3285.812,B0018
47,1.793624015,3.239960443,-0.002410259,39.39707856,3328.937,B0005
47,1.823719462,2.93495168,-0.002635958,39.5737867,3328.937,B0006
47,1.81507569,2.180927286,-1.988974957,41.04994219,3328.937,B0007
47,1.695823557,3.27953431,0.000826926,34.4020179,3260.016,B0018
48,1.783189022,3.31112764,-0.000476084,38.24790664,3329.266,B0005
48,1.808128405,3.013358351,-0.00251412,38.78195999,3329.266,B0006
48,1.815702515,2.177349809,-1.986998523,40.36194489,3329.266,B0007
48,1.677778319,3.312914062,-0.000678723,34.34093454,3240.031,B0018
49,1.767364208,3.332862126,-0.002545777,37.66314807,3301.579,B0005
49,1.775761095,3.09819201,0.000650104,37.85904701,3301.579,B0006
49,1.800243218,2.180136102,-1.987598634,39.66769653,3301.579,B0007
49,1.66065869,3.347201035,0.002358026,34.02665838,3232.265,B0018
50,1.757017785,3.333761215,0.000914217,37.41262018,3283.563,B0005
50,1.744740984,3.167346834,0.001188465,37.12135762,3283.563,B0006
50,1.790447621,2.12862952,-1.988124332,39.4811814,3283.563,B0007
50,1.666410927,3.341784146,0.000532716,34.77997329,3232.031,B0018
51,1.746870618,3.361505749,0.000229717,36.98304922,3275.125,B0005
51,1.729207034,3.228685512,-0.003510279,36.58048671,3275.125,B0006
51,1.780343032,2.819149314,0.000700811,39.41905114,3275.125,B0007
51,1.646833617,3.340953803,0.001286104,34.91089521,3209.515,B0018
52,1.741717251,3.352855281,-0.003677569,37.11383317,3265.656,B0005
52,1.708108655,3.259572455,-0.001254241,36.4364075,3265.656,B0006
52,1.77532877,2.791498672,0.000150409,39.72196117,3265.656,B0007
52,1.625763993,3.393857211,0.001032348,34.07147606,3196.125,B0018
53,1.736422506,3.365152082,-0.001924144,37.44763048,3266.093,B0005
53,1.697595424,3.277419952,-0.002464279,36.53091042,3266.093,B0006
53,1.770262973,2.912699551,-0.003713776,40.03166031,3266.093,B0007
53,1.612157741,3.379431086,-0.002351923,34.32783951,3172.562,B0018
54,1.726321724,3.38577286,0.000499507,36.88044924,3257.594,B0005
54,1.682063452,3.30954191,-0.003735704,36.06449508,3257.594,B0006
54,1.760081062,2.995987713,-0.000115522,39.4715147,3257.594,B0007
54,1.605736682,3.4005756,-0.001435774,34.12133578,3172.735,B0018
55,1.715806539,3.408443186,-0.000736288,36.63224569,3248.593,B0005
55,1.671476832,3.322945796,-0.004205019,35.94327251,3248.593,B0006
55,1.749647594,2.972676873,-0.002283351,39.72504113,3248.593,B0007
55,1.673645315,3.313863632,-0.005027017,34.66127067,3238.109,B0018
56,1.710533351,3.409832097,0.000203542,36.73387962,3238.766,B0005
56,1.660759139,3.326877495,-0.004577471,35.89295329,3238.766,B0006
56,1.749650075,2.981408978,-0.002542992,39.74335777,3238.766,B0007
56,1.640434857,3.35177638,-0.000712285,34.64276067,3191.063,B0018
57,1.7060145,3.417268005,-0.005241133,36.82798617,3240.14,B0005
57,1.651121015,3.3364001,-0.00422055,35.95951502,3240.14,B0006
57,1.745028739,3.030747306,-0.000354443,39.81953913,3240.14,B0007
57,1.613265332,3.367600825,-0.000977332,34.63237476,3165.828,B0018
58,1.700311027,3.421833589,-0.000457584,37.08800149,3230.109,B0005
58,1.640134926,3.356231324,-0.0046303,36.03733182,3230.109,B0006
58,1.739645746,3.039062337,0.000513601,40.01028251,3230.109,B0007
58,1.592096432,3.38774316,0.001835628,34.4539714,3140.407,B0018
59,1.69457986,3.427142406,-0.0023235,36.75804959,3229.781,B0005
59,1.629199942,3.371466361,0.001474388,35.71327174,3229.781,B0006
59,1.728564228,3.073271767,-0.004044406,39.75053705,3229.781,B0007
59,1.586601182,3.416049349,0.003491818,34.12379741,3131.922,B0018
60,1.684902909,3.438178718,-0.001432966,36.66588768,3212.469,B0005
60,1.60884963,3.396018762,-0.004672744,35.36649835,3212.469,B0006
60,1.723900325,3.098778836,-0.002713376,39.59496852,3212.469,B0007
60,1.580076649,3.421472451,0.001359849,34.10164946,3121.109,B0018
61,1.674474159,3.465640473,-0.001928563,36.22708832,3213.219,B0005
61,1.60352449,3.393882522,-0.004211278,35.18665272,3213.219,B0006
61,1.713978878,3.121368259,-0.004186989,39.58448144,3213.219,B0007
61,1.564173295,3.415883249,0.00304324,34.39355812,3105.265,B0018
62,1.674569248,3.444985935,-0.000747654,36.83574345,3203.578,B0005
62,1.598971214,3.39781587,-0.004421042,35.67614712,3203.578,B0006
62,1.7139702,3.134628907,-0.001695369,39.78150284,3203.578,B0007
62,1.555618272,3.441266303,0.001071702,34.1019197,3091.25,B0018
63,1.663716376,3.467467091,0.000238786,36.31129508,3195.125,B0005
63,1.587627312,3.416423033,-0.000320003,34.71660829,3195.125,B0006
63,1.703652117,3.121005706,-0.000635056,39.61214975,3195.125,B0007
63,1.540204528,3.440421318,-0.003608566,34.20389504,3076.703,B0018
64,1.659013869,3.471730001,-0.000978078,36.57728194,3195.313,B0005
64,1.582971974,3.417549529,-0.001444462,35.02873638,3195.313,B0006
64,1.704013747,3.16450137,-0.000103956,39.80746181,3195.313,B0007
64,1.532161302,3.445662321,-0.000958459,34.2502124,3062.328,B0018
65,1.653854057,3.466070336,-0.001671215,36.61716358,3186.297,B0005
65,1.567137637,3.427505386,-0.003482665,34.77499131,3186.297,B0006
65,1.693571616,3.210026376,0.00052028,39.41546685,3186.297,B0007
65,1.53162324,3.438874221,-0.001658833,34.26909054,3050.563,B0018
66,1.642653782,3.485289155,0.000145294,36.28502922,3176.438,B0005
66,1.561344614,3.434750843,-0.004482648,34.69789798,3176.438,B0006
66,1.687657736,3.210589611,-0.006451571,39.38468423,3176.438,B0007
66,1.522259595,3.463845759,0.000224304,33.93673654,3034.672,B0018
67,1.637857843,3.480022171,-0.003882124,36.40409776,3167.593,B0005
67,1.551171189,3.44819802,-0.001219527,34.60054157,3167.593,B0006
67,1.683074436,3.211652713,-0.00399359,39.44521506,3167.593,B0007
67,1.506526713,3.460795315,0.002192863,33.94589219,3031.25,B0018
68,1.632735041,3.487572729,-0.004430966,36.33612654,3167.719,B0005
68,1.540674161,3.447136358,0.000722634,34.65518631,3167.719,B0006
68,1.677927014,3.236789079,-0.002354597,39.35070556,3167.719,B0007
68,1.501421956,3.45793996,0.001506946,34.14326364,3011.343,B0018
69,1.627752892,3.48458314,-0.002779507,36.42204258,3159.078,B0005
69,1.525313874,3.455115441,-0.001927143,34.49661504,3159.078,B0006
69,1.673206028,3.236252355,-0.003300493,39.41976351,3159.078,B0007
69,1.496353412,3.458624303,0.000977114,34.21387438,3003,B0018
70,1.622125486,3.484004412,-0.000984305,36.46650027,3148.829,B0005
70,1.530157032,3.468023005,-0.001288228,34.58789397,3148.829,B0006
70,1.667436721,3.238140257,-0.000265768,39.408643,3148.829,B0007
70,1.5334262,3.414320677,0.00571147,34.69706864,3045.187,B0018
71,1.61132566,3.508463138,-0.003643503,36.01706888,3149.094,B0005
71,1.524656683,3.471133597,-0.004490312,34.48391219,3149.094,B0006
71,1.662266263,3.260791247,-0.00071096,39.26414378,3149.094,B0007
71,1.523845268,3.441289288,-0.002109818,34.65377199,3028.469,B0018
72,1.60656314,3.503787286,-0.000527974,36.12135272,3140.547,B0005
72,1.514549299,3.488339089,-0.001221569,34.3231683,3140.547,B0006
72,1.657424307,3.257637774,-0.002723561,39.36784552,3140.547,B0007
72,1.501192099,3.443497944,0.001210354,34.5039069,3012.937,B0018
73,1.601514223,3.500128757,0.00051028,36.20196695,3131.625,B0005
73,1.509391505,3.48822644,-9.20E-05,34.37112414,3131.625,B0006
73,1.652538685,3.256197957,-0.003566946,39.3995952,3131.625,B0007
73,1.492417671,3.459920939,0.0006052,34.47189925,2998.875,B0018
74,1.590369231,3.517670766,-0.003099056,35.8666031,3121.907,B0005
74,1.503997433,3.487700235,-0.002546203,34.37262004,3121.907,B0006
74,1.647217463,3.261237667,-0.004376545,39.32054525,3121.907,B0007
74,1.483323852,3.468314103,-0.001814791,34.29303577,2983.547,B0018
75,1.585788997,3.517448609,-0.004404316,35.80553828,3122.125,B0005
75,1.493520192,3.501914421,-0.001805051,34.06737353,3122.125,B0006
75,1.636413681,3.276791226,-0.001412983,39.2246673,3122.125,B0007
75,1.480737679,3.461167189,-0.002404569,34.44293908,2966.86,B0018
76,1.584943071,3.516013267,-0.001663602,35.6702667,3121.672,B0005
76,1.487632302,3.506489884,-0.002346996,34.01427816,3121.672,B0006
76,1.636255431,3.280204681,-0.001299369,39.0446527,3121.672,B0007
76,1.473507781,3.478026972,8.52E-05,34.34721214,2954.797,B0018
77,1.595526389,3.496983702,-0.001124179,36.34696099,3120.86,B0005
77,1.530287621,3.461271256,-0.001589364,35.63390029,3120.86,B0006
77,1.641119179,3.246330916,-0.003109086,39.49011144,3120.86,B0007
77,1.468019285,3.460131373,-0.001982681,34.85167503,2945.735,B0018
78,1.574730175,3.520220864,-0.003973954,35.52300699,3103.828,B0005
78,1.504076009,3.495979747,-0.002813062,34.63193513,3103.828,B0006
78,1.631570079,3.284793531,-0.001755631,38.82694232,3103.828,B0007
78,1.458092356,3.470528678,0.001498235,34.62998607,2941.375,B0018
79,1.564901995,3.529225684,6.07E-05,35.26695893,3095.094,B0005
79,1.488759361,3.495868233,-0.002245548,34.4836648,3095.094,B0006
79,1.621213283,3.278208354,-0.004172109,38.88522538,3095.094,B0007
79,1.447866099,3.476629441,0.001221386,34.41830168,2923.953,B0018
80,1.559765947,3.530725945,-0.000624752,35.35042795,3095.781,B0005
80,1.478277929,3.516832478,-0.003048178,34.19890636,3095.781,B0006
80,1.616427321,3.298512396,-0.001373586,38.95656521,3095.781,B0007
80,1.452780878,3.475822077,-0.000968629,34.32904521,2921.031,B0018
81,1.559481567,3.521290948,-0.002065598,35.94137693,3094.328,B0005
81,1.478459982,3.514080559,-0.003030933,34.73440889,3094.328,B0006
81,1.61582351,3.289212625,-0.004216215,39.48650196,3094.328,B0007
81,1.442535636,3.490006747,0.000302093,34.23308244,2902.75,B0018
82,1.554689354,3.523535901,-0.003661692,36.04660209,3086.531,B0005
82,1.473214845,3.517916927,-0.00319737,34.85451607,3086.531,B0006
82,1.61672418,3.296160957,-0.004714433,39.46565735,3086.531,B0007
82,1.439271288,3.491787124,-0.000172723,34.48934652,2897.875,B0018
83,1.548874108,3.525524176,-5.65E-05,35.84567238,3085.625,B0005
83,1.467516494,3.519101676,-0.002832657,34.71454754,3085.625,B0006
83,1.610865586,3.316099496,-0.000135299,39.20259462,3085.625,B0007
83,1.428647568,3.487044876,0.002327231,34.68549804,2892.094,B0018
84,1.538236599,3.534833787,-0.000308966,35.57978324,3067.203,B0005
84,1.451629266,3.521493643,-0.002304841,34.40844196,3067.203,B0006
84,1.600660337,3.299349705,-0.001455752,39.13951548,3067.203,B0007
84,1.424902675,3.504583247,-0.001090109,34.32473202,2886.921,B0018
85,1.527914258,3.54590292,-0.001821504,35.18876167,3058.157,B0005
85,1.451923772,3.531199617,-0.003266351,34.2299179,3058.157,B0006
85,1.595917449,3.294105934,-0.001631976,39.27250656,3058.157,B0007
85,1.469811532,3.430301461,0.002145919,34.8076498,2942.531,B0018
86,1.528525263,3.536266004,0.000641728,35.64399547,3058.812,B0005
86,1.447148469,3.540682829,-0.002590439,34.45467968,3058.812,B0006
86,1.596217952,3.321071654,-0.003081374,39.19187642,3058.812,B0007
86,1.452581965,3.440576225,-0.000174261,34.88545379,2912.469,B0018
87,1.522647325,3.546806706,-0.002417168,35.70451577,3058.578,B0005
87,1.446853811,3.535654119,-0.005834401,34.80310291,3058.578,B0006
87,1.595806511,3.314895684,-0.00010916,39.51623936,3058.578,B0007
87,1.442834199,3.467830973,0.000799075,34.43362403,2895.594,B0018
88,1.517485994,3.54802872,-0.003290911,35.75012466,3049.328,B0005
88,1.441674193,3.542648087,-0.000810783,34.81930482,3049.328,B0006
88,1.590650782,3.285250365,-0.000993927,40.00681154,3049.328,B0007
88,1.428376059,3.463732003,-0.000103047,34.4864484,2884.406,B0018
89,1.605818899,3.525050223,-0.001056051,36.01263662,3177.219,B0005
89,1.593586659,3.502946852,-0.004082849,36.55243678,3177.219,B0006
89,1.688821116,3.167885572,-0.002749494,40.42042599,3177.219,B0007
89,1.415454784,3.501682834,-0.000944396,33.66051743,2873.766,B0018
90,1.563849145,3.494044838,-0.000742655,36.76362118,3082.937,B0005
90,1.546390238,3.459144575,-0.001243713,36.57029302,3082.937,B0006
90,1.625993828,3.215576898,-0.002366933,40.44989071,3082.937,B0007
90,1.45457667,3.445880486,-0.003174464,35.01720046,2893.375,B0018
91,1.548091525,3.510041836,-0.001763143,36.50230588,3074.266,B0005
91,1.514705592,3.488590851,0.000257075,35.95639891,3074.266,B0006
91,1.615743386,3.237322372,-0.012383757,40.37503731,3074.266,B0007
91,1.428317955,3.460221346,-0.000205573,34.82633508,2884.984,B0018
92,1.532375563,3.53592476,0.001569724,35.91017221,3066,B0005
92,1.498978608,3.500662571,-0.004456519,35.57203522,3066,B0006
92,1.605662676,3.265128362,-0.00302674,40.03060994,3066,B0007
92,1.419702688,3.465380073,7.34E-05,34.9310794,2870.234,B0018
93,1.526952827,3.529350807,-0.003970116,35.87897248,3056.437,B0005
93,1.483111075,3.519098513,-0.000521646,35.12626059,3056.437,B0006
93,1.594974692,3.296447023,-0.001586829,39.54773118,3056.437,B0007
93,1.415560663,3.469576691,0.000441566,34.94739567,2864.11,B0018
94,1.516957302,3.541857034,-0.001085867,35.62922817,3048.219,B0005
94,1.472966483,3.521286095,0.002124213,35.05245407,3048.219,B0006
94,1.590410244,3.293762382,-0.000584744,39.5999789,3048.219,B0007
94,1.405680035,3.470897659,0.001518631,34.90115196,2846.64,B0018
95,1.511897596,3.540101145,-0.001745553,35.7511914,3039.218,B0005
95,1.46276044,3.531585116,-0.001277149,34.99131294,3039.218,B0006
95,1.585351706,3.295607974,-0.002309466,39.6662666,3039.218,B0007
95,1.408446107,3.463695995,-4.81E-05,35.03832449,2839.532,B0018
96,1.506563896,3.545308235,-0.00140862,35.64438752,3039.047,B0005
96,1.451836468,3.532926288,-0.00288309,34.94359969,3039.047,B0006
96,1.579973715,3.3145309,-0.001928952,39.46734067,3039.047,B0007
96,1.396854778,3.476025253,-0.00059314,34.87255645,2832.703,B0018
97,1.501545353,3.543070358,-0.002012132,35.7178175,3030.375,B0005
97,1.446867064,3.539045489,-0.004743717,34.8498356,3030.375,B0006
97,1.575218547,3.31626565,-0.00181291,39.50093406,3030.375,B0007
97,1.393567037,3.49598698,0.002087624,34.60380602,2827.078,B0018
98,1.490844405,3.558035378,-0.004792435,35.4681575,3021,B0005
98,1.441380399,3.545547134,-0.005003297,34.86099755,3021,B0006
98,1.569798485,3.318055274,-0.002513918,39.51950401,3021,B0007
98,1.389364429,3.498486525,0.00066602,34.65221288,2821.531,B0018
99,1.485868385,3.561997553,0.000621735,35.41772195,3021.75,B0005
99,1.431210745,3.548456586,-0.004076599,34.83766255,3021.75,B0006
99,1.570256538,3.3376611,-0.001199994,39.31627404,3021.75,B0007
99,1.378565142,3.490122986,-0.001594322,34.88838289,2805.156,B0018
100,1.480413678,3.561734625,-0.001773113,35.44065808,3012.265,B0005
100,1.426024718,3.549925959,-0.003369633,34.87870781,3012.265,B0006
100,1.565249874,3.308471264,-0.001059397,39.8135971,3012.265,B0007
100,1.38490111,3.500291434,0.000502106,34.53030638,2814.906,B0018
101,1.475209587,3.562743172,-0.000682654,35.43941162,3002.641,B0005
101,1.42048765,3.562236912,-0.003086654,34.66799385,3002.641,B0006
101,1.559633934,3.316161904,-0.004331035,39.69751399,3002.641,B0007
101,1.370325181,3.48836568,0.000946184,34.72190615,2801.156,B0018
102,1.485903599,3.544836812,-0.001229681,35.71444214,3012,B0005
102,1.420700623,3.558769895,-0.003486197,35.25576699,3012,B0006
102,1.564982053,3.308644721,0.000394038,39.65887447,3012,B0007
102,1.373346439,3.499663272,-0.004945908,34.71956894,2794.187,B0018
103,1.49609183,3.535834318,-0.00534617,36.32232581,3020.11,B0005
103,1.452255804,3.541383496,-0.0016815,35.87126419,3020.11,B0006
103,1.5749795,3.27976143,0.0002871,40.51011513,3020.11,B0007
103,1.367948729,3.503533537,0.00164902,34.78261101,2785.391,B0018
104,1.480800595,3.544628259,-0.002622953,36.14370702,3002.172,B0005
104,1.431557633,3.557320348,-0.00362423,35.55867419,3002.172,B0006
104,1.565281117,3.281689839,-0.002518019,40.53892256,3002.172,B0007
104,1.356714109,3.49645464,-0.002529147,34.89129597,2779.5,B0018
105,1.469754327,3.556359815,-0.001207832,35.81782913,2992.703,B0005
105,1.415015751,3.556002116,-0.000122088,35.37917333,2992.703,B0006
105,1.559755497,3.319291254,-0.001489496,39.95381274,2992.703,B0007
105,1.460431021,3.412407793,0.001979654,34.29974281,2899.234,B0018
106,1.453901227,3.557415161,-0.003319072,35.64502539,2964.468,B0005
106,1.409731151,3.565450927,-0.003002244,35.25835879,2964.468,B0006
106,1.549897686,3.271441638,0.000568742,40.44322559,2964.468,B0007
106,1.450099894,3.418468334,0.009113413,34.6153449,2894.922,B0018
107,1.454146207,3.570394142,0.001559667,35.3909784,2983.375,B0005
107,1.404917318,3.577810928,-0.002660121,34.97774357,2983.375,B0006
107,1.543877153,3.335511958,-0.003034537,39.73604954,2983.375,B0007
107,1.43814069,3.435059021,0.000176045,34.69435704,2888.25,B0018
108,1.455023752,3.557697563,-0.001606333,35.90172424,2975.297,B0005
108,1.395164297,3.582384274,-0.004289379,35.09536675,2975.297,B0006
108,1.545018749,3.309262641,-0.001250694,40.29341867,2975.297,B0007
108,1.428368198,3.444712871,-0.002369894,34.54760909,2873.906,B0018
109,1.449042164,3.562114572,-0.002522693,35.87657254,2974.985,B0005
109,1.394534383,3.583670209,-0.00251696,35.23466126,2974.985,B0006
109,1.544594015,3.332978101,-0.002225697,40.07444747,2974.985,B0007
109,1.414787452,3.458429174,-0.003499206,34.38461266,2847.406,B0018
110,1.438670937,3.576830515,-0.001423646,35.37052397,2966.25,B0005
110,1.389317118,3.585625374,-0.000632857,35.03458093,2966.25,B0006
110,1.534308672,3.333293706,-0.000842727,39.91083066,2966.25,B0007
110,1.413889163,3.45760616,-0.001070006,34.24921056,2849.281,B0018
111,1.433445432,3.577213254,-0.002347943,35.31944752,2956.359,B0005
111,1.383837947,3.588984285,-0.004653357,34.95973624,2956.359,B0006
111,1.528760394,3.335626154,-0.002642054,39.82498588,2956.359,B0007
111,1.398933166,3.473799879,0.00095206,34.22340606,2833.688,B0018
112,1.43339589,3.569684886,-0.003987192,35.63996182,2956.344,B0005
112,1.373681424,3.586470021,-0.004734774,35.13036409,2956.344,B0006
112,1.528926025,3.33040925,-0.002607776,40.12170438,2956.344,B0007
112,1.395332258,3.453464523,-0.001927737,34.99486743,2826.453,B0018
113,1.428064873,3.57630513,-0.002115023,35.68616081,2956.406,B0005
113,1.378605989,3.592351575,-0.004164311,35.3100084,2956.406,B0006
113,1.52909165,3.320622736,-0.002740928,40.50339709,2956.406,B0007
113,1.39004613,3.455168986,0.000152307,35.34543171,2818.312,B0018
114,1.422920318,3.5780032,-0.004832065,35.57224194,2947.266,B0005
114,1.37376003,3.596312407,-0.001971316,35.16961821,2947.266,B0006
114,1.523905932,3.325515912,-0.000132311,40.3426072,2947.266,B0007
114,1.386027145,3.479281571,-0.001771208,34.89112902,2812.719,B0018
115,1.417429033,3.578252916,-0.002271526,35.4116223,2937.984,B0005
115,1.368258058,3.600238913,-0.003212939,34.99384428,2937.984,B0006
115,1.518667542,3.333109444,0.000833009,40.07998324,2937.984,B0007
115,1.38821526,3.455105229,0.000756197,34.98811299,2803.5,B0018
116,1.412409229,3.579526481,0.000337946,35.29541793,2929.125,B0005
116,1.363302404,3.604261987,-0.005286186,34.87051339,2929.125,B0006
116,1.513648227,3.335710709,0.000810919,39.96238768,2929.125,B0007
116,1.376182656,3.480977907,-0.001695036,34.46724144,2783.25,B0018
117,1.412578793,3.573309099,-0.004553123,35.60791878,2928.454,B0005
117,1.358096614,3.610208785,-0.005880019,34.99150316,2928.454,B0006
117,1.513605019,3.330939811,0.000478709,40.2797666,2928.454,B0007
117,1.36471689,3.474553151,0.00130972,34.45010431,2776.391,B0018
118,1.407598373,3.580853525,-0.000407978,35.72414943,2929.375,B0005
118,1.353269091,3.604384847,-0.002697482,35.37035355,2929.375,B0006
118,1.513947061,3.325286281,-0.0036962,40.62025062,2929.375,B0007
118,1.358985474,3.478489619,0.002093335,34.35230627,2766.516,B0018
119,1.433392049,3.555891725,-0.00301153,35.90399751,2946.031,B0005
119,1.384160574,3.592939591,-0.000289704,35.35792668,2946.031,B0006
119,1.533959919,3.275520043,-0.003494425,40.35266928,2946.031,B0007
119,1.346230876,3.487993649,0.000490382,34.04759298,2751.516,B0018
120,1.438255018,3.551885409,-0.002707782,36.11670038,2955.438,B0005
120,1.405146779,3.586261533,-0.002696693,35.88749242,2955.438,B0006
120,1.53913728,3.308772267,-0.00269553,39.9268734,2955.438,B0007
120,1.426842782,3.42798943,-0.000922651,34.20414157,2848.859,B0018
121,1.417354717,3.57361512,-0.002190467,35.48818286,2937.625,B0005
121,1.378719023,3.599373322,-0.004809369,35.41362625,2937.625,B0006
121,1.523624797,3.301562663,-0.003331917,40.02531718,2937.625,B0007
121,1.406448148,3.443976989,-0.003077625,34.2408403,2840.016,B0018
122,1.406981664,3.58224981,-0.000520257,35.09068818,2929.078,B0005
122,1.368265778,3.613313371,-0.003695633,34.8666265,2929.078,B0006
122,1.513581304,3.329412894,-0.002508028,39.49862235,2929.078,B0007
122,1.393490749,3.434590579,-0.002452075,34.62535461,2817.375,B0018
123,1.401203778,3.582107103,-0.000883015,35.08313939,2918.375,B0005
123,1.35731513,3.612916401,0.002448165,34.90046553,2918.375,B0006
123,1.507785075,3.333007309,-0.00396366,39.42127525,2918.375,B0007
123,1.388249351,3.463052037,0.001465801,34.24811722,2809.234,B0018
124,1.396700823,3.584544253,0.000806198,34.98209371,2919.812,B0005
124,1.352493464,3.623076762,-0.004482878,34.62406487,2919.812,B0006
124,1.503196068,3.347244065,-0.001901545,39.25911145,2919.812,B0007
124,1.370187834,3.463811291,-0.001023128,34.28115361,2791.187,B0018
125,1.391284789,3.582997064,-0.001309372,35.08471914,2900.422,B0005
125,1.347409915,3.622541001,-0.000372572,34.74761765,2900.422,B0006
125,1.49782206,3.338319208,-0.005666858,39.35985985,2900.422,B0007
125,1.379695167,3.473054155,0.002647014,34.20157183,2794.016,B0018
126,1.386228768,3.585576081,-0.001703344,34.94908276,2901.375,B0005
126,1.337007513,3.6262759,-0.000678046,34.60698634,2901.375,B0006
126,1.492848535,3.354004346,0.000732772,39.16140981,2901.375,B0007
126,1.368658632,3.449483094,0.007893734,34.92065208,2774.719,B0018
127,1.380436676,3.591090838,0.000880985,34.70452785,2901.187,B0005
127,1.331235297,3.630939582,-0.002562553,34.37583933,2901.187,B0006
127,1.49241439,3.37018027,0.000204346,38.85264793,2901.187,B0007
127,1.362737178,3.459275126,-0.00345053,35.17385755,2777.844,B0018
128,1.375236415,3.594060584,-0.002624301,34.66713131,2891.64,B0005
128,1.325930378,3.636652152,-0.003752025,34.21509258,2891.64,B0006
128,1.487482777,3.346043334,-0.00111913,39.25240516,2891.64,B0007
128,1.363405113,3.484328702,-0.001340828,34.92470595,2781.125,B0018
129,1.370512802,3.59110796,-0.001529448,34.73478778,2882.906,B0005
129,1.321578744,3.633648675,0.000971063,34.40452575,2882.906,B0006
129,1.482535149,3.351868704,-0.000360717,39.16149931,2882.906,B0007
129,1.351864604,3.481460723,0.002415235,34.8059821,2760.906,B0018
130,1.370508557,3.58881201,-0.001782134,34.79017756,2883.265,B0005
130,1.321225074,3.640852642,-0.003630999,34.27105539,2883.265,B0006
130,1.482787432,3.371261039,-0.001960863,38.91377877,2883.265,B0007
130,1.354796973,3.457732209,2.95E-05,35.08177025,2753.25,B0018
131,1.364735511,3.594214792,-0.003192486,34.60274189,2882.969,B0005
131,1.31564853,3.646304145,-0.001610589,34.0994987,2882.969,B0006
131,1.47697118,3.363638144,-0.002452157,39.03510682,2882.969,B0007
131,1.341051441,3.477276739,-0.001940069,34.58165954,2742.843,B0018
132,1.375392017,3.583341522,-0.005381432,35.20080243,2891.656,B0005
132,1.32090257,3.643185525,-0.005161247,34.34747481,2891.656,B0006
132,1.481901555,3.358875203,-0.001565044,38.81118982,2891.656,B0007
133,1.386111515,3.580430719,-0.001133734,35.37656984,2901.25,B0005
133,1.347432877,3.630091792,-0.006681833,34.64277824,2901.25,B0006
133,1.49813662,3.342159119,-0.000907004,39.34594909,2901.25,B0007
134,1.369850004,3.592441816,0.00084187,35.02073679,2891.703,B0005
134,1.326012807,3.644383145,-0.003068345,34.12594283,2891.703,B0006
134,1.482077521,3.35655944,-0.001300237,39.11711609,2891.703,B0007
135,1.364782795,3.589331565,-0.00250224,34.92008219,2883.016,B0005
135,1.310118678,3.647724843,-0.004687032,33.88737678,2883.016,B0006
135,1.477115531,3.353642353,0.000464618,39.06638461,2883.016,B0007
136,1.354322047,3.602288323,-0.002432713,34.51525448,2873.453,B0005
136,1.305216202,3.654758881,-0.005159108,33.56218508,2873.453,B0006
136,1.472077278,3.356800601,-0.00127582,38.96679966,2873.453,B0007
137,1.354641702,3.597021214,-0.006605727,34.95922357,2874.031,B0005
137,1.300406195,3.649848217,-0.003632257,33.97512947,2874.031,B0006
137,1.472248014,3.377870432,0.001623752,38.87062732,2874.031,B0007
138,1.354703921,3.592312208,-0.000222798,35.09464992,2874.234,B0005
138,1.300235736,3.654795053,-0.003771132,33.99383111,2874.234,B0006
138,1.467010667,3.370719092,-7.38E-06,39.1066106,2874.234,B0007
139,1.349314998,3.595500119,1.21E-05,34.87110957,2864.984,B0005
139,1.289506672,3.655196921,-0.001608593,33.80021083,2864.984,B0006
139,1.46176725,3.376335973,-0.002895088,38.88228667,2864.984,B0007
140,1.344189194,3.596823461,0.001916534,34.64809422,2855.093,B0005
140,1.279253057,3.660920185,-0.003679339,33.39907835,2855.093,B0006
140,1.456695267,3.377108292,-0.00080915,38.73206806,2855.093,B0007
141,1.338991379,3.601835675,-0.002030693,34.44831393,2855.625,B0005
141,1.279207817,3.666550646,-0.003249394,33.17152279,2855.625,B0006
141,1.451354973,3.394007024,-0.001995123,38.39540666,2855.625,B0007
142,1.338914523,3.599344814,-0.000229552,34.76318323,2855.594,B0005
142,1.274036761,3.66483042,-0.001290471,33.525893,2855.594,B0006
142,1.451615926,3.389807417,-0.005237508,38.72040764,2855.594,B0007
143,1.334006676,3.603579039,0.000192259,34.6771112,2847.437,B0005
143,1.274127392,3.667070842,-0.002417411,33.4843476,2847.437,B0006
143,1.446816133,3.395298301,-0.003353861,38.50808797,2847.437,B0007
144,1.328644431,3.605860961,-0.001187635,34.35552173,2847.36,B0005
144,1.263763943,3.671063897,-0.001914485,33.05127195,2847.36,B0006
144,1.446757061,3.385837614,-0.005039734,38.65340097,2847.36,B0007
145,1.323170899,3.61050785,-0.001502656,34.13298084,2837.328,B0005
145,1.258137369,3.675527991,-0.000216241,32.79536153,2837.328,B0006
145,1.441379748,3.389881161,-0.00341931,38.45953434,2837.328,B0007
146,1.318169159,3.616262908,-0.000343926,33.97306701,2837.281,B0005
146,1.253259864,3.672911707,-0.004899847,32.87846637,2837.281,B0006
146,1.436245625,3.407342175,0.00213155,38.11383483,2837.281,B0007
147,1.318466444,3.613479486,0.002014312,34.3739489,2838.515,B0005
147,1.253231332,3.672942608,-0.001504248,33.21432606,2838.515,B0006
147,1.436815415,3.400524264,-0.000804756,38.40789275,2838.515,B0007
148,1.31829304,3.607069041,-0.001435258,34.44341685,2828.328,B0005
148,1.248087496,3.676426872,0.001852841,33.01008607,2828.328,B0006
148,1.436294515,3.38784771,-0.004555406,38.73894486,2828.328,B0007
149,1.323872422,3.602312681,-0.004821587,33.98038017,2838.265,B0005
149,1.253435428,3.678748349,-0.003839721,32.83266948,2838.265,B0006
149,1.441857532,3.379845055,-0.003039243,38.44322382,2838.265,B0007
150,1.360121677,3.577927761,-0.004081,34.97066611,2864.547,B0005
150,1.289804877,3.666024381,-0.00583602,33.95920158,2864.547,B0006
150,1.467206348,3.365955839,-0.002495025,38.59565538,2864.547,B0007
151,1.339530687,3.593974645,-0.004431401,34.68949036,2846.39,B0005
151,1.263540202,3.673517843,-0.007744798,33.66715541,2846.39,B0006
151,1.451864037,3.36102938,-0.002602624,38.84706977,2846.39,B0007
152,1.329028657,3.60427474,4.31E-05,34.35560665,2837.969,B0005
152,1.247976171,3.679265326,-0.003067855,33.29047667,2837.969,B0006
152,1.447137975,3.38875326,-0.002355452,38.30628246,2837.969,B0007
153,1.323674127,3.608769672,-0.001950271,34.17986036,2838.156,B0005
153,1.232120288,3.68100053,-0.00106199,33.06772145,2838.156,B0006
153,1.441790587,3.40106273,-0.00194117,38.10008405,2838.156,B0007
154,1.318633897,3.609387707,-0.001991021,34.14567217,2829.843,B0005
154,1.227113767,3.681621066,-0.005584675,33.05886239,2829.843,B0006
154,1.431630948,3.403129377,-0.009388274,38.06252865,2829.843,B0007
155,1.313475132,3.6149339,-0.001904167,33.99467217,2829.625,B0005
155,1.221739758,3.687058047,-0.00209957,32.80619309,2829.625,B0006
155,1.431808425,3.391848207,-0.001781978,38.35118171,2829.625,B0007
156,1.313202063,3.609023225,-0.002823705,34.16712025,2819.437,B0005
156,1.211102679,3.686609623,-0.002806741,32.85539211,2819.437,B0006
156,1.426256259,3.402983453,-0.002329795,38.13413917,2819.437,B0007
157,1.307795995,3.614331348,-0.003824239,33.97599952,2819.579,B0005
157,1.205615977,3.688664229,-0.003269487,32.72492218,2819.579,B0006
157,1.426087753,3.418115964,-0.001066096,37.85713114,2819.579,B0007
158,1.303032919,3.617824457,-0.004508289,33.98222497,2810.672,B0005
158,1.200893626,3.68942793,-0.003816675,32.76928329,2810.672,B0006
158,1.421263351,3.398949188,0.000583551,38.28908688,2810.672,B0007
159,1.303357356,3.61308721,-0.003392809,34.07899622,2811.485,B0005
159,1.190590399,3.691557712,-0.002046824,32.59685985,2811.485,B0006
159,1.416327275,3.417481499,-0.004969072,37.9719687,2811.485,B0007
160,1.303410044,3.60703955,-0.00562664,34.30494727,2802.422,B0005
160,1.185179251,3.692494603,-0.002930439,32.62058103,2802.422,B0006
160,1.416578183,3.397325968,-0.003392384,38.40397607,2802.422,B0007
161,1.297887081,3.614909412,-0.004150586,34.12626263,2801.625,B0005
161,1.179670682,3.693907128,-0.001348033,32.54557847,2801.625,B0006
161,1.410840173,3.41769383,9.96E-05,38.04807932,2801.625,B0007
162,1.298073506,3.610903754,0.000918747,34.13529495,2802.031,B0005
162,1.174595284,3.694626214,-0.005229184,32.43120346,2802.031,B0006
162,1.410994963,3.409762326,-0.003764179,38.18904506,2802.031,B0007
163,1.293463614,3.615560502,-0.002548452,34.07564903,2793.39,B0005
163,1.153818332,3.696326965,-0.000745692,32.11347323,2793.39,B0006
163,1.406171429,3.418468376,-0.001556774,38.03277235,2793.39,B0007
164,1.288003393,3.621191033,-0.002460183,33.99134953,2793.39,B0005
164,1.164400956,3.697169686,-0.001187803,32.29936288,2793.39,B0006
164,1.406335848,3.410207417,-0.001848419,38.26757391,2793.39,B0007
165,1.287452522,3.619185105,0.000477801,34.0591984,2792.485,B0005
165,1.158797495,3.696674487,-0.002457139,32.41675406,2792.485,B0006
165,1.40045524,3.428899305,-0.001484263,37.94497591,2792.485,B0007
166,1.309015364,3.595364973,-0.002341505,34.55651437,2802.016,B0005
166,1.174974883,3.693059436,-0.001244769,32.371097,2802.016,B0006
166,1.421786505,3.372148496,-0.001991752,38.47067656,2802.016,B0007
167,1.325079329,3.589937389,-0.000583347,34.40592046,2820.39,B0005
167,1.185675233,3.691808983,-0.003127129,32.19232413,2820.39,B0006
167,1.432455272,3.383856649,-0.000984538,37.85160245,2820.39,B0007
